{
  "TOOLS/format_json.py": 1782067218.9595802,
  "CODE_OF_CONDUCT.md": 1782067218.9592187,
  "README.md": 1782067218.959413,
  "CONTRIBUTING.md": 1782067218.9592667,
  "CLAUDE.md": 1782067948.7810905,
  "SECURITY.md": 1782067218.9594615
}